1;71;1,1,2,2-TETRACHLORO-1,2-DIFLUOROETHANE;203.831;298;364.7;551;0;0;0;0;1.645;298;0;0;0;0;0;0;71
2;83;1,1,2-TRICHLOROETHANE;133.405;236.5;386.9;602;4154.325;294;0.24;0.22;1.441;293;1.7;346.72;304.43;-138556.6;-77524.72;33320.56;83
3;345;1,1,2-TRIMETHYLCLOPENTANE;112.216;0;386.9;579.5;2938.425;0;0;0.252;0;0;0;0;0;0;0;32608.94;345
4;346;1,1,3-TRIMETHYLCLOPENTANE;112.216;0;378;569.5;2826.9675;0;0;0.211;0;0;0;0;0;0;0;31688.02;346
5;67;1,1-DICHLORO-1,2,2,2-TETRAFLUOROETHANE;170.922;179;277;418.6;3303.195;294;0.279;0;1.455;298;0;0;0;0;0;0;67
6;89;1,1-DICHLOROETHANE;98.96;176.2;330.4;523;5066.25;240;0.28;0.248;1.168;298;2;412.27;239.1;-129975.3;-73129.42;28715.96;89
7;91;1,1-DIFLOUROETHANE;66.051;156.2;248.4;386.6;4498.83;181;0.253;0.266;0;0;2.3;319.27;186.56;-493948;-436432.36;21348.6;91
8;78;1,1-DIFLUOROETHYLENE;64.035;0;0;302.8;4458.3;154;0.273;0;0;0;1.4;0;0;-345345;-321652.24;0;78
9;337;1,1-DIMETHYLCYCLOHEXANE;112.216;239.7;392.7;591;2968.8225;416;0.25;0.238;0.785;289;0;0;0;-181086.36;35246.12;0;337
10;301;1,1-DIMETHYLCYCLOPENTANE;98.189;203.4;361;547;3445.05;360;0.27;0.273;0.759;289;0;0;0;-138347.3;39055.38;30306.64;301
11;69;1,2,2-TRICHLORO-1,1,2TRIFLUOROETHANE;187.38;238.2;320.7;487.2;3414.6525;304;0.256;0.252;1.58;289;0;0;0;-745526.6;0;27502.02;69
12;399;1,2,3,4-TETRAHYDRONAPHTHALENE;132.206;242;480.7;719;3515.9775;0;0;0.303;0.973;293;0;0;0;27627.6;167021.4;39725.14;399
13;116;1,2,3-TRICHLOROPROPANE;76.526;138.7;318.3;514;4762.275;234;0.26;0.13;0.937;293;2;368.27;210.61;-627.9;43618.12;27104.35;117
14;383;1,2,3-TRIMETHYLBENZENE;120.195;247.7;449.2;664.5;3455.1825;430;0.27;0.39;0.894;293;0.6;0;0;-9585.94;124617.22;40060.02;383
15;408;1,2,4,5-TETRAMETHYLBEENZENE;134.222;352;470;675;2938.425;480;0.25;0.426;0.838;354;0;0;0;-45292.52;119510.3;45543.68;408
16;384;1,2,4-TRIMETHYLBENZENE;120.195;227;442.5;649.1;3232.2675;430;0.258;0.39;0.88;289;0.3;872.74;297.75;-13939.38;116998.7;39264.68;384
17;151;1,2-BUTADIENE;54.092;240.9;300.2;488.6;5086.515;221;0.277;0.124;0.691;293;0.8;0;0;146384.42;185523.52;26664.82;152
18;68;1,2-DICHLORO-1,1,2,2-TETRAFLUOROETHANE;170.922;179.3;276.9;418.9;3262.665;293;0.275;0.255;1.48;277;0.5;0;0;-898315.6;0;23274.16;68
19;90;1,2-DICHLOROETHANE;98.96;237.5;356.6;561;5370.225;220;0.25;0.286;1.25;289;1.8;473.95;277.98;-129766;-73882.9;32022.9;90
20;120;1,2-DICHLOROPROPANE;42.081;87.9;225.4;365;4620.42;181;0.275;0.148;0.612;223;0.4;273.84;131.63;20427.68;62748.14;18418.4;121
21;187;1,2-DIMETHOXYETHANE;74.123;156.9;307.7;466.7;3637.5675;280;0.262;0.281;0.713;293;1.3;353.14;190.58;-252332.08;-122398.64;26706.68;188
22;197;1,2-PENTADIENE;68.119;135.9;318;503;4073.265;276;0.269;0.173;0.693;293;0;0;0;145672.8;210513.94;27585.74;197
23;136;1,2-PROPANEDIOL;76.096;168;315;497;0;0;0;0;0.888;291;1;0;0;0;0;0;137
24;385;1,3,5-TRIMETHYLBENZENE;120.195;228.4;437.9;637.3;3130.9425;433;0.26;0.398;0.865;293;0.1;437.52;268.27;16074.24;118003.34;39055.38;385
25;152;1,3-BUTADIENE;54.092;137;284;443.7;4498.83;219;0.267;0.255;0.652;293;0.4;0;0;162291.22;198541.98;24278.8;153
26;137;1,3-PROPANEDIOL;76.096;213;460.5;625;6079.5;237;0.28;0;1.036;293;3.6;1404.2;426.74;-424167.38;0;54166.84;138
27;170;1,4 DIOXANE;88.107;267.9;436.4;628;5268.9;292;0.295;0.67;0.958;293;1.5;640.42;321.13;-476073.78;0;42027.44;171
28;407;1,4-DIETHYLBENZENE;134.222;231;456.9;657.9;2806.7025;480;0.25;0.403;0.862;293;0.1;0;0;-22269.52;137928.7;39390.26;407
29;199;1,4-PENTADIENE;68.119;124.9;299.1;478;3789.555;276;0.263;0.104;0.661;293;0.4;0;0;105487.2;170328.34;25157.86;199
30;246;1,5 HEXADIENE;82.146;132;332.6;507;3445.05;328;0.26;0.16;0.692;293;0;0;0;83720;0;27464.346;246
31;159;1-BUTENE;86.091;196.7;353.5;536;4255.65;265;0.25;0.35;0.956;293;0;451.02;245.3;0;0;32022.9;160
32;149;1-BUTYNE;67.091;0;403;640;0;0;0;0;0.967;294;1.8;0;0;108333.68;0;0;150
33;81;1-CHLORO-1,1-DIFLUOROETHANE;100.496;142;263.4;410.2;4123.9275;231;0.279;0;1.1;303;2.1;0;0;0;0;0;81
34;175;1-CHLOROBUTANE;88.107;180.3;353.7;538;4063.1325;285;0.259;0.315;0.911;289;1.9;452.97;246.09;0;0;32483.36;176
35;422;1-DECANOL;158.285;280.1;503.4;700;2229.15;600;0.23;0;0.83;293;1.8;1481.8;380;-401856;-104231.4;50232;422
36;417;1-DECENE;140.27;206.9;443.7;615;2208.885;650;0.28;0.491;0.741;293;0;518.37;277.8;-124198.62;121100.98;38678.64;417
37;432;1-DODECENE;168.324;238;486.5;657;1854.2475;0;0;0.558;0.758;293;0;615.67;310.07;-165430.72;137970.56;42990.22;432
38;467;1-EICOSANOL;298.555;339;629;770;1215.9;0;0;0;0;0;0;0;0;-608016.5;-19423.04;65301.6;467
39;317;1-HEPTANOL;116.204;239.2;449.5;633;3039.75;435;0.25;0.56;0.822;293;1.7;1287;361.83;-331949.8;-120975.4;48139;317
40;306;1-HEPTENE;98.189;154.3;366.8;537.2;2837.1;440;0.28;0.358;0.697;293;0.3;368.69;214.32;-62329.54;95859.4;31101.98;306
41;451;1-HEXADECENE;224.432;277.3;558;717;1337.49;0;0;0.721;0.788;283;0;-4;4.32;-33488;3212671.28;-54907.762;451
42;276;1-HEXANOL;102.177;229.2;430.2;610;4053;381;0.3;0.56;0.819;293;1.8;1179.4;354.94;-317717.4;-135626.4;48557.6;276
43;251;1-HEXENE;84.162;133.3;336.6;504;3171.4725;350;0.26;0.285;0.673;293;0.4;357.43;197.74;-41692.56;87487.4;28297.36;251
44;349;1-METHYL-1-ETHYLCYCLOPENTANE;112.216;0;394.7;592;2989.0875;0;0;0.25;0;0;0;0;0;0;0;33655.44;349
45;380;1-METHYL-2-ETHYLBENZENE;120.195;192.3;438.3;651;3039.75;460;0.26;0.294;0.881;293;0;0;0;1213.94;131147.38;38887.94;380
46;404;1-METHYL-2-ISOPROPYLBENZENE;134.222;0;448.3;666;2938.425;0;0;0.279;0.861;293;0;0;0;-29302;0;38134.46;404
47;404;1-METHYL-2-ISOPROPYLBENZENE;134.222;0;451.5;670;2897.895;0;0;0.277;0.876;293;0;0;0;0;0;0;405
48;381;1-METHYL-3-ETHYLBENZENE;120.195;177.6;434.5;637;2837.1;490;0.26;0.36;0.865;293;0;8;0;0;-1925.56;30.1392;381
49;382;1-METHYL-4-ETHYLBENZENE;120.195;210.8;435.2;640;2938.425;470;0.26;0.322;0.861;293;0;463.17;266.08;-2051.14;126752.08;38427.48;382
50;406;1-METHYL-4-ISOPROPYLBENZENE;134.222;200;450.3;653;2826.9675;0;0;0.371;0.857;293;0;0;0;0;0;0;406
51;423;1-METHYLNAPHTHALENE;142.201;242.7;517.8;772;3566.64;445;0.25;0.334;1.02;293;0.5;862.89;361.76;116914.98;217797.58;46046;423
52;388;1-NONENE;126.243;191.8;420;592;2340.6075;580;0.28;0.43;0.745;273;0;471;258.92;-103561.64;112728.98;36334.48;388
53;462;1-OCTADECANOL;270.501;331;608;747;1418.55;0;0;0;0.812;332;1.7;0;0;-566742.54;-36208.9;0;462
54;459;1-OCTADECENE;252.486;290.8;588;739;1134.84;0;0;0.807;0.789;293;0;816.19;376.93;-289168.88;188411.86;54292.42;459
55;371;1-OCTANOL;130.231;257.7;468.4;58;3445.05;490;0.31;0.53;0.826;293;2;1312.1;369.97;-359996;-120138.2;50650.6;371
56;352;1-OCTENE;112.216;171.4;394.4;566.6;2624.3175;464;0.26;0.386;0.715;293;0.3;418.82;237.63;-82966.52;104273.26;33781.02;352
57;447;1-PENTADECENE;210.405;269.4;541.5;704;1459.08;0;0;0.682;0.791;273;0;-4;4.07;-33488;3093998.18;-51091.3858;447
58;226;1-PENTANOL;88.15;195;411;586;3850.35;326;0.26;0.58;0.815;293;1.7;1151.1;349.62;-298880.4;-146091.4;44371.6;226
59;206;1-PENTENE;70.135;107.9;303.1;464.7;4053;300;0.31;0.245;0.64;293;0.4;305.25;174.7;-20930;79157.26;25208.092;206
60;200;1-PENTYNE;68.119;167.5;313.3;493.4;4053;278;0.275;0.164;0.69;293;0.9;0;0;144417;210346.5;0;200
61;132;1-PROPANOL;44.097;85.5;231.1;369.8;4245.5175;203;0.281;0.152;0.582;231;0;222.67;133.41;-103896.52;-23483.46;18782.582;133
62;444;1-TERADECENE;196.378;260.3;524.3;689;1560.405;0;0;0.644;0.786;273;0;-4;3.75;-33488;2919693.14;-47424.0312;444
63;198;1-TRANS-3-PENTADIENE;68.119;185.7;315.2;496;3992.205;275;0.266;0.175;0.676;293;0.7;0;0;77859.6;146803.02;27041.56;198
64;439;1-TRIDECENE;182.351;250.1;505.9;674;1702.26;0;0;0.598;0.766;293;0;-4;3.47;-33488;2755057.76;-44410.9484;439
65;427;1-UNDECENE;154.297;224;465.8;637;1996.1025;0;0;0.518;0.751;293;0;566.26;294.89;-144835.6;129514.84;40897.22;427
66;274;2,2 DIMETHYL BUTANE;86.178;173.3;322.9;488.7;3080.28;359;0.272;0.231;0.649;293;0;438.44;226.67;-185649.1;-9627.8;26317.382;274
67;365;2,2,3 TRIMETHYLPETANE;114.232;160.9;383;563.4;2725.6425;436;0.254;0.297;0.716;293;0;474.57;257.61;-220225.46;17120.74;32022.9;365
68;420;2,2,3,3-TETRAMETHYLHEPTANE;142.286;0;433.5;623.1;2512.86;0;0;0.36;0;0;0;0;0;0;0;36376.34;420
69;394;2,2,3,3-TETRAMETHYLPENTANE;128.259;0;413.4;607.6;2735.775;0;0;0.279;0;0;0;0;0;-237346.2;34325.2;35287.98;394
70;395;2,2,3,4-TETRAMETHYLPENTANE;128.259;0;406.2;592.7;2604.0525;0;0;0.311;0;0;0;0;0;-237095.04;32650.8;34283.34;395
71;316;2,2,3-TRIMETHYLBUTANE;100.205;248.3;354;531.1;2958.69;398;0.267;0.251;0.69;293;0;0;0;-204904.7;4269.72;28962.934;316
72;390;2,2,3-TRIMETHYLHEXANE;128.259;0;406.8;588;2492.595;0;0;0.332;0;0;0;0;0;-241322.9;24529.96;34785.66;390
73;366;2,2,4 TRIMETHYLPENTANE;114.232;165.8;372.4;543.9;2563.5225;468;0.266;0.303;0.692;293;0;467.04;246.43;-22424402;13688.22;31022.446;366
74;396;2,2,4,4-TETRAMETHYLPENTANE;128.259;206;395.4;574.7;2482.4625;0;0;0.315;0.719;293;0;0;0;-242076.38;34032.18;32860.1;396
75;391;2,2,4-TRIMETHYLHEXANE;128.259;153;399.7;573.7;2371.005;0;0;0.321;0.72;289;0;0;0;-243332.18;22520.68;34032.18;391
76;421;2,2,5,5-TETRAMETHYLHEPTANE;142.286;0;410.6;581.5;2188.62;0;0;0.374;0;0;0;0;0;0;0;35287.98;421
77;392;2,2,5-TRIMETHYLHEXANE;128.259;167.4;397.3;568;2330.475;519;0.26;0.357;0.717;289;0;0;0;-254132.06;13437.06;33781.02;392
78;225;2,2-DIMETHYL PROPANE;72.151;256.6;282.6;433.8;3201.87;303;0.269;0.197;0.591;293;0;355.54;196.35;-166058.62;-15237.04;22763.468;225
79;230;2,2-DIMETHYL-1-PROPANOL;88.15;327;386.3;549;3951.675;319;0.28;0;0.783;327;0;0;0;-293020;-125496.28;43115.8;230
80;358;2,2-DIMETHYLHEXANE;114.232;152;382;549.8;2533.125;478;0.264;0.338;0.695;293;0;0;0;-224830.06;10716.16;32274.06;358
81;311;2,2-DIMETHYLPENTANE;100.205;149.4;352.4;520.4;2776.305;416;0.267;0.289;0.674;293;0;417.37;226.19;-206244.22;83.72;29176.42;311
82;275;2,3 DIMETHYL BUTANE;86.178;144.6;331.2;499.9;3130.9425;358;0.27;0.247;0.662;293;0;444.19;228.86;-177863.14;-4102.28;27292.72;275
83;367;2,3,3 TRIMETHYLPENTANE;114.232;172.5;387.9;573.5;2816.835;455;0.269;0.29;0.726;293;0;0;0;-216541.78;18920.72;32357.78;367
84;397;2,3,3,4-TETRAMETHYLPENTANE;128.259;0;414.7;607.6;2715.51;0;0;0.299;0;0;0;0;0;-236341.56;34115.9;34953.1;397
85;307;2,3,3-TRIMETHYL-1-BUTENE;98.189;163.3;351;533;2897.895;400;0.26;0.192;0.705;293;0;0;0;-86524.62;0;28883.4;307
86;368;2,3,4 TRIMETHYLPENTANE;114.232;163.9;386.6;56.3;2725.6425;461;0.267;0.317;0.719;293;0;0;0;-217546.42;18920.72;32747.078;368
87;261;2,3-DIMETHYL-1-BUTENE;84.162;115.9;328.8;501;3242.4;343;0.27;0.221;0.678;293;0;0;0;-55757.52;79073.54;27418.3;261
88;262;2,3-DIMETHYL-2-BUTENE;84.162;198.9;346.4;524;3363.99;351;0.27;0.239;0.708;293;0;0;0;-59231.9;75892.18;29649.438;262
89;359;2,3-DIMETHYLHEXANE;114.232;0;388.8;563.4;2624.3175;468;0.262;0.346;0.712;293;0;0;0;-214030.18;17706.78;33220.096;359
90;312;2,3-DIMETHYLPENTANE;100.205;0;362.9;537.3;2908.0275;393;0.256;0.299;0.695;293;0;0;0;-199337.32;669.76;30402.918;312
91;292;2,3-DIMETHYLPYRIDINE;107.156;0;434;655.4;0;0;0;0;0.942;298;2.2;0;0;68273.66;0;0;292
92;330;2,3-XYLENOL;122.167;348;490.1;722.8;0;0;0;0;0;0;0;0;0;-157309.88;0;47301.8;330
93;360;2,4-DIMETHYLHEXANE;114.232;0;382.6;553.5;2553.39;472;0.262;0.343;0.7;293;0;0;0;-219513.84;11720.8;32608.94;360
94;313;2,4-DIMETHYLPENTANE;100.205;154;353.7;519.7;2735.775;418;0.265;0.306;0.673;293;0;0;0;-202100.08;3097.64;29511.3;313
95;331;2,4-XYLENOL;122.167;298;484;707.6;0;0;0;0;0;0;2;0;0;-162751.68;0;47134.36;331
96;361;2,5-DIMETHYLHEXANE;114.232;181.9;382.3;550;2482.4625;42;0.262;0.352;0.693;293;0;0;0;-222737.06;10465;32650.8;361
97;293;2,5-DIMETHYLPYRIDINE;107.156;0;430.2;644.2;0;0;0;0;0.938;273;2.2;0;0;66431.82;0;0;293
98;332;2,5-XYLENOL;122.167;348;484.3;723;0;0;0;0;0;0;1.5;0;0;-161495.88;0;46883.2;332
99;333;2,6-XYLENOL;122.167;322;474.1;701;0;0;0;0;0;0;0;0;0;-161914.48;0;44371.6;333
100;183;2-BUTANOL;74.123;183.9;390.9;562.9;4417.77;274;0.259;0.59;0.81;293;1.8;984.54;341.12;-274810.9;-150863.44;43115.8;184
101;150;2-BUTYNE;54.092;147.4;281.2;463.7;4711.6125;220;0.27;0.05;0.65;289;0.8;0;0;165263.28;202183.8;24990.42;151
102;176;2-CHLOROBUTANE;92.569;150.1;351.6;542;3688.23;312;0.255;0.218;0.886;293;2;783.72;260.03;-147347.2;-38804.22;30013.62;177
103;373;2-ETHYLHEXANOL;130.231;203.2;457.8;613;2756.04;494;0.267;0;0.833;293;1.8;1798;351.17;-365479.66;0;47301.8;373
104;224;2-METHYL BUTANE;72.151;113.3;301;460.4;3384.255;306;0.271;0.227;0.62;293;0.1;367.32;191.58;-154547.12;-14818.44;24697.4;224
105;272;2-METHYL PENTANE;86.178;119.5;333.4;497.5;3009.3525;367;0.267;0.279;0.653;293;0;384.13;208.27;-174388.76;-5023.2;27795.04;272
106;201;2-METHYL-1,3-BUTADIENE;68.119;127.2;307.2;484;3850.35;276;0.264;0.164;0.681;293;0.3;328.49;182.48;75766.6;145923.96;26078.78;201
107;227;2-METHYL-1-BUTANOL;88.15;203;409.1;571;3850.35;322;0.26;0.7;0.819;293;0;1259.4;349.85;-302647.8;-165681.88;45208.8;227
108;209;2-METHYL-1-BUTENE;70.135;135.6;304.3;465;3445.05;294;0.262;0.232;0.65;293;0.5;369.27;193.39;-36334.48;65636.48;25509.484;209
109;210;2-METHYL-2-BUTENE;70.135;139.4;311.7;470;3445.05;318;0.28;0.285;0.662;293;0;322.47;180.43;-42571.62;59692.36;26317.382;210
110;256;2-METHYL-2-PENTENE;84.162;138.1;340.5;518;3282.93;351;0.27;0.229;0.691;289;0;0;0;-59776.08;71245.72;29008.98;256
111;369;2-METHYL-3-ETHYLPENTANE;114.232;158.2;388.8;567;2705.3775;443;0.254;0.33;0.719;293;0;0;0;-211309.28;21264.88;32981.494;369
112;355;2-METHYLHEPTANE;114.232;164;390.8;559.6;2482.4625;488;0.26;0.378;0.702;289;0;643.61;259.51;-215579;12767.3;33822.88;355
113;309;2-METHYLHEXANE;100.205;154.9;363.2;530.3;2735.775;421;0.261;0.33;0.679;293;0;417.46;225.13;-195025.74;3223.22;30683.38;309
114;424;2-METHYLNAPHTHALENE;142.201;307.7;514.2;761;3505.845;462;0.26;0.382;0.99;313;0.4;695.42;351.79;116161.5;216248.76;46046;424
115;502;2-Methylpropane;58.124;113.6;261.3;408.1;3647.7;263;0.283;0.176;0.557;293;0.1;302.51;170.2;-134579.9;-20888.14;21306.74;502
116;508;2-Methylpropene;56.108;132.8;266.3;417.9;4002.3375;239;0.275;0.19;0.594;293;0.5;0;0;-16911.44;58101.68;22127.196;508
117;372;2-OCTANOL;130.231;241.2;452.9;637;2735.775;494;0.26;0.52;0.821;293;1.6;0;0;0;0;44371.6;372
118;419;3,3,5-TRIMETHYLHEPTANE;142.286;0;428.8;609.6;2320.3425;0;0;0.388;0;0;0;0;0;-258694.8;33571.72;36669.36;419
119;393;3,3-DIETHYLPENTANE;128.259;0;419.3;610;2674.98;0;0;0.338;0.752;293;0;0;0;-232071.84;35078.68;35999.6;393
120;263;3,3-DIMETHYL-1-BUTENE;84.162;158;314.4;490;3252.5325;340;0.27;0.121;0.653;293;0;0;0;-43157.66;98203.56;25660.18;263
121;362;3,3-DIMETHYLHEXANE;114.232;147;385.1;562;2654.715;443;0.252;0.321;0.71;293;0;446.2;244.67;-220225.46;13269.62;32483.36;362
122;314;3,3-DIMETHYLPENTANE;100.205;138.7;359.2;536.3;2948.5575;414;0.274;0.27;0.693;293;0;0;0;-201639.62;2637.18;29661.996;314
123;363;3,4 DIMETHYLHEXANE;114.232;0;390.9;568.8;2695.245;466;0.265;0.338;0.719;293;0;0;0;213109.26;17330.04;33291.258;363
124;294;3,4-DIMETHYLPYRIDINE;107.156;0;452.3;683.8;0;0;0;0;0.954;298;1.9;0;0;70031.78;0;0;294
125;334;3,4-XYLENOL;122.167;328;500;729.8;0;0;0;0;0;0;1.7;0;0;-156472.68;0;49813.4;334
126;295;3,5-DIMETHYLPYRIDINE;107.156;0;445.1;667.2;0;0;0;0;0.939;298;2.6;0;0;72794.54;0;0;295
127;335;3,5-XYLENOL;122.167;337;494.8;715.6;0;0;0;0;0;0;1.8;0;0;-161454.02;0;49394.8;335
128;364;3-ETHYLHEXANE;114.232;0;391.7;565.4;2604.0525;455;0.252;0.361;0.718;289;0;437.6;238.33;-210974.4;16534.7;33626.138;364
129;315;3-ETHYLPENTANE;100.205;154.6;366.6;540.6;2887.7625;416;0.267;0.31;0.698;0.3;0;0;0;-189751.38;11009.18;30972.214;315
130;273;3-METHYL PENTANE;86.178;155;336.4;504.4;3120.81;367;0.273;0.275;0.664;293;0;372.11;207.55;-171709.72;-2134.86;28088.06;273
131;202;3-METHYL-1,2-BUTADIENE;68.119;159.5;314;496;4113.795;267;0.266;0.16;0.686;293;0;0;0;129766;198709.42;27250.86;202
132;228;3-METHYL-1-BUTANOL;88.15;156;404.4;579.5;3850.35;329;0.26;0.58;0.81;293;1.8;1148.8;349.51;-302229.2;0;44120.44;228
133;211;3-METHYL-1-BUTENE;70.135;104.7;293.3;450;3515.9775;300;0.282;0.209;0.627;293;0;0;0;-28967.12;74803.82;24111.36;211
134;229;3-METHYL-2-BUTANOL;88.15;264.4;375.2;545;3951.675;319;0.28;0.5;0.809;293;1.9;1502;336.75;-329856.8;-165347;40604.2;229
135;370;3-METHYL-3-ETHYLPENTANE;114.232;182.3;391.4;576.6;2806.7025;455;0.267;0.304;0.727;293;0;0;0;-215076.68;19925.36;32809.868;370
136;257;3-METHYL-CIS-2-PENTENE;84.162;138.3;340.9;518;3282.93;351;0.27;0.269;0.694;293;0;0;0;-57766.8;73255;28841.54;257
137;356;3-METHYLHEPTANE;114.232;152.7;392.1;563.6;2543.2575;464;0.252;0.369;0.706;293;0;0;0;-212732.52;13730.08;33906.6;356
138;310;3-METHYLHEXANE;100.205;100;365;535.2;2816.835;404;0.256;0.324;0.687;293;0;0;0;-192388.56;4604.6;30808.96;310
139;258;3-METHYL-TRANS-2-PENTENE;84.162;134.7;343.6;521;3293.0625;350;0.27;0.207;0.698;293;0;0;0;-58687.72;71329.44;29302;258
140;245;4- METHYL PYRIDINE;93.129;276.9;418.5;646;4458.3;311;0.26;0.27;0.955;293;0;500.97;285.5;102263.98;0;37464.7;245
141;259;4-METHYL-CIS-2-PENTENE;84.162;139;329.6;490;3039.75;360;0.27;0.29;0.669;293;0;0;0;-50357.58;82171.18;27585.74;259
142;357;4-METHYLHEPTANE;114.232;152.2;390.9;561.7;2543.2575;476;0.259;0.369;0.705;293;0;0;0;-211891.134;16744;33906.6;357
143;260;4-METHYL-TRANS-2-PENTENE;84.162;132;331.7;493;3039.75;360;0.27;0.29;0.669;293;0;0;0;-54376.14;79659.58;27962.48;260
144;92;ACETALDEHYDE;44.054;150.2;293.6;461;5572.875;154;0.22;0.303;0.778;293;2.5;368.7;192.82;-166435.36;-133365.96;25743.9;92
145;94;ACETIC ACID;60.052;289.8;391.1;594.4;5785.6575;171;0.2;0.454;1.049;293;1.3;600.94;306.21;-435050.98;-376865.58;23692.76;94
146;154;ACETIC ANHYDRIDE;86.091;173;346;525;4356.975;265;0.26;0.34;0.932;293;1.7;457.89;235.35;-316043;0;0;155
147;121;ACETONE;112.987;172.7;369.5;577;4458.3;226;0.21;0.24;1.15;293;1.9;514.36;281.03;-165765.6;-83133.96;31395;122
148;86;ACETONITRILE;41.053;229.3;354.8;548;4833.2025;173;0.184;0.321;0.782;293;3.5;334.91;210.05;87906;105654.64;31395;86
149;82;ACETYL CHLORIDE;78.498;160.2;323.9;508;5876.85;204;0.28;0.344;1.104;293;2.4;0;0;-244043.8;-206327.94;28674.1;82
150;77;ACETYLENE;26.038;192.4;189.2;308.3;6140.295;113;0.271;0.184;0.615;189;0;0;0;226839.34;209300;16953.3;77
151;112;ACROLEIN;40.065;170.5;250;402.4;5623.5375;164;0.276;0.218;0.706;223;0.7;0;0;185523.52;194523.42;22143.94;113
152;113;ACRYLIC ACID;56.064;186;326;506;5167.575;0;0;0.33;0.839;293;2.9;388.17;217.14;-70910.84;-65176.02;28339.22;114
153;109;ACRYLONITRILE;60.099;284;390.4;593;6282.15;206;0.26;0.51;0.896;293;1.9;839.76;316.41;0;0;41860;110
154;122;ALLYL ALCOHOL;58.08;178.2;329.4;508.1;4701.48;209;0.232;0.309;0.79;293;2.9;367.25;209.68;-217672;-153123.88;29134.56;123
155;115;ALLYL CHLORIDE;72.064;215.5;319.6;475;5775.525;210;0.31;0.55;0.963;293;0;428.4;224.83;0;0;32148.48;116
156;147;ALLYL CYANIDE;84.136;234.9;357.3;579.4;5694.465;219;0.259;0.2;1.071;289;0.5;498.6;264.9;115784.76;126835.8;31478.72;148
157;376;ALPHA-METHYL STYRENE;118.179;0;438.5;654;3404.52;397;0.25;0;0.911;293;0;354.34;270.8;0;0;38301.9;376
158;22;AMMONIA;17.031;195.4;239.7;405.6;11277.4725;72.5;0.242;0.25;0.639;273.2;1.5;349.04;169.63;-45711.12;-16157.96;23357.88;22
159;244;ANILINE;93.129;267;457.5;699;5309.43;270;0.247;0.382;1.022;293;1.6;1074.6;337.21;86901.36;166770.24;41860;244
160;441;ANTHRACENE;178.234;489.7;614.4;883;0;0;0;0;0;0;0;-4;3.84;-33488;2148590.08;0;441
161;1;ARGON;39.948;83.8;87.3;150.8;4873.7325;74.9;0.291;-0.004;1.373;90;0;107.57;58.76;0;0;6530.16;1
162;284;BENZALDEHYDE;106.124;216;452;695;4660.95;0;0;0.32;1.045;293;2.8;686.84;314.66;-36794.94;22395.1;42697.2;284
163;242;BENZENE;78.114;278.7;353.3;562.1;4893.9975;259;0.271;0.212;0.885;289;0;545.64;265.34;82966.52;129724.14;30775.472;242
164;285;BENZOIC ACID;122.124;395.6;523;752;4559.625;341;0.25;0.62;1.075;403;1.7;2617.6;407.88;-290340.96;-210513.94;50650.6;285
165;283;BENZONITRILE;103.124;260;464;699.4;4215.12;0;0;0.36;1.01;288;3.5;0;0;218927.8;260997.1;0;283
166;288;BENZYL ALCOHOL;108.14;257.8;478.6;677;4660.95;334;0.28;0.71;1.041;298;1.7;1088;367.21;-94059.42;0;50525.02;288
167;2;BORON TRICHLORIDE;117.169;165.9;285.7;452;3870.615;0;0;0.15;1.35;284;0;0;0;0;0;0;2
168;3;BORON TRIFLUORIDE;67.805;146.5;173.3;260.8;4985.19;0;0;0.42;0;0;0;0;0;0;0;25702.04;3
169;4;BROMINE;159.808;266;331.9;584;10335.15;127;0.27;0.132;3.119;293;0.2;387.82;292.79;0;0;30181.06;4
170;238;BROMOBENZENE;157.01;242.3;429.3;670;4519.095;324;0.263;0.249;1.495;293;1.5;508.18;302.42;105068.6;138598.46;0;238
171;425;BUTYL BENZOATE;178.232;251;523;723;2634.45;561;0.25;0.58;1.006;293;0;882.36;350.34;0;0;48976.2;425
172;374;BUTYL ETHER;130.231;175.3;415.6;580;2533.125;500;0.26;0.5;0.768;293;1.2;473.5;266.56;-334042.8;-88575.76;37255.4;374
173;157;BUTYRONITRILE;118.09;456;508;0;0;0;0;0;0;0;2.2;0;0;0;0;0;158
174;347;C,C,T-1,2,4-TRIMETHYLCYCLOPENTANE;112.216;0;391;579;28776.3;0;0;0.277;0;0;0;0;0;0;0;33069.4;347
175;348;C,T,C-1,2,4-TRIMETHYLCYCLOPENTANE;112.216;0;382.4;571;2806.7025;0;0;0.246;0;0;0;0;0;0;0;33069.4;348
176;412;CAPRYLONITRILE;153.269;255.3;516;622;3252.5325;0;0;0;0.82;293;0;0;0;0;0;0;412
177;46;CARBON DIOXIDE;44.01;216.6;194.7;304.2;7376.46;94;0.274;0.225;0.777;293;0;578.08;185.24;-393609.58;-394572.36;17162.6;46
178;47;CARBON DISULFIDE;76.131;161.3;319.4;552;7903.35;170;0.293;0.115;1.293;273;0;274.08;200.22;117124.28;66934.14;26748.54;47
179;44;CARBON MONOXIDE;28.018;68.1;81.7;132.9;3495.7125;93.1;0.295;0.049;0.803;81;0.1;94.06;48.9;-110594.12;-137342.66;6044.584;44
180;42;CARBON TETRACHLORIDE;153.823;250;349.7;556.4;4559.625;276;0.272;0.194;1.584;298;0;2540.15;290.84;-16744;-58269.12;30013.62;42
181;43;CARBON TETRAFLUORIDE;88.005;86.4;145.2;227.6;3738.8925;140;0.277;0.191;0;0;0;0;0;-933478;-888855.24;11971.96;43
182;45;CARBONYL SULFIDE;60.07;134.3;222.9;375;5876.85;140;0.26;0.099;1.274;173.7;0.7;0;0;-138472.88;-165723.74;0;45
183;6;CHLORINE;70.906;172.2;238.7;417;7700.7;124;0.275;0.073;1.563;239.1;0.2;191.96;172.55;0;0;20427.68;6
184;239;CHLOROBENZENE;112.559;227.6;404.9;632.4;4519.095;308;0.265;0.249;1.106;293;1.6;477.76;276.22;51864.54;99208.2;36564.71;239
185;48;CHLORODIFLUOROMETHANE;86.469;113;232.4;369.2;4975.0575;165;0.267;0.215;1.23;289;0;0;0;-501901.4;470799.42;20201.636;48
186;50;CHLOROFORM;119.378;209.6;334.3;536.4;5471.55;239;0.293;0.216;1.489;293;1.1;394.81;246.5;101301.2;-68566.68;29720.6;50
187;66;CHLOROPENTAFLUOROETHANE;154.467;167;234;353.2;3161.34;252;0.271;0.253;0;0;0.3;0;0;0;0;19464.9;66
188;38;CHLOROTRIFLUOROMETHANE;104.459;92;191.7;302;3921.2775;180;0.282;0.18;0;0;0.5;0;0;-694876;-654271.8;15513.316;38
189;338;CIS-1,2-DIMETHYLCYCLOHEXANE;112.216;223.1;402.9;606;2968.8225;0;0;0.236;0.796;293;0;0;0;-181086.36;35246.12;32608.94;338
190;302;CIS-1,2-DIMETHYLCYCLOPENTANE;98.189;219.3;372.7;564.8;3445.05;368;0.27;0.269;0.777;289;0;0;0;-129598.56;45752.98;31713.136;302
191;340;CIS-1,3-DIMETHYLCYCLOHEXANE;112.216;197.6;393.3;591;2968.8225;0;0;0.224;0.766;293;0;0;0;-184853.76;29846.18;32818.24;340
192;342;CIS-1,4-DIMETHYLCYCLOHEXANE;112.216;185.7;397.5;598;2968.8225;0;0;0.234;0.783;293;0;0;0;-176732.92;37967.02;33781.02;342
193;160;CIS-2-BUTENE;56.108;87.8;266.9;419.6;4022.6025;240;0.277;0.187;0.595;293;0.3;256.3;151.86;-125.58;71329.44;21926.268;161
194;252;CIS-2-HEXENE;84.162;132;342;518;3282.93;351;0.27;0.256;0.687;293;0;344.33;197.95;-52366.86;76268.92;29134.56;252
195;207;CIS-2-PENTENE;70.135;121.8;310.1;476;3647.7;300;0.28;0.24;0.656;293;0;305.31;175.72;-28088.06;71873.62;26120.64;207
196;254;CIS-3-HEXENE;84.162;135.3;339.6;517;3282.93;350;0.27;0.225;0.68;293;0.3;344.33;197.95;-47636.68;83050.24;28715.96;254
197;410;CIS-DECALIN;138.254;230;468.9;702.2;3141.075;0;0;0.23;0.897;293;0;0;0;-169030.68;85854.86;39348.4;410
199;74;CYANOGEN;52.035;245.3;252.5;400;5978.175;0;0;0.24;0;0;0.2;0;0;309094.24;297331.58;0;74
200;162;CYCLOBUTANE;56.108;167.6;274;428.6;4103.6625;238;0.274;0.214;0.604;293;0;259.01;153.3;-11176.62;62999.3;22767.654;163
201;300;CYCLOHEPTANE;98.189;265;391.9;589;3718.6275;390;0.3;0.336;0.81;293;0;0;0;-119384.72;63041.16;33069.4;300
202;249;CYCLOHEXANE;84.162;279.7;353.9;553.4;4073.265;308;0.273;0.213;0.779;293;0.3;653.62;290.84;-123193.98;31771.74;29971.76;249
203;264;CYCLOHEXANOL;100.161;298;434.3;625;3749.025;327;0.24;0.55;0.942;303;1.7;0;0;-294694.4;-117961.48;45501.82;264
204;248;CYCLOHEXANONE;95.145;242;428.8;629;3850.35;312;0.23;0.443;0.951;288;3.1;787.38;336.47;-230230;-90794.34;39767;248
205;247;CYCLOHEXENE;82.146;169.7;356.1;560.4;4346.8425;292;0.27;0.21;0.816;289;0.6;506.92;264.54;-5358.08;106910.44;30474.08;247
206;205;CYCLOPENTANE;70.135;179.3;322.4;511.6;4508.9625;260;0.276;0.192;0.745;293;0;406.69;231.67;-77273.56;38636.78;27309.464;205
207;203;CYCLOPENTANONE;84.118;222.5;403.9;626;5370.225;268;0.28;0.35;0.95;293;3;574.71;303.44;-192723.44;0;36585.64;203
208;196;CYCLOPENTENE;68.119;138.1;317.4;506;0;0;0;0;0.772;293;0.9;396.83;218.66;32943.82;110845.28;26999.7;196
209;118;CYCLOPROPANE;55.08;180.3;370.5;564.4;4184.7225;230;0.205;0.318;0.782;293;3.7;366.77;225.86;50650.6;96194.28;32274.06;119
210;9;DEUTERIUM;4.032;18.7;23.7;38.4;1661.73;60.3;0.314;-0.13;0.165;22.7;0;19.67;8.38;0;0;1222.312;9
211;10;DEUTERIUM OXIDE;20.031;277;374.6;644;21663.285;55.6;0.225;0;1.105;293;1.9;757.92;304.58;-249360.02;-234750.88;41357.68;10
212;52;DIBROMOMETHANE;173.835;220.6;370;583;7194.075;0;0;0;2.5;293;1.9;428.91;294.57;-4186;-5609.24;0;52
213;375;DIBUTYLAMINE;129.247;211;432.8;596;2533.125;517;0.26;0.59;0.767;293;1.1;581.42;286.54;0;0;39767;375
214;449;DIBUTYL-O-PHTHALATE;278.35;238;608;0;0;0;0;0;1.047;293;0;-4;1.67;-33488;10833786.6;0;449
215;39;DICHLORODIFLUOROMETHANE;120.914;115.4;243.4;385;4123.9275;217;0.28;0.176;1.75;158;0.5;215.09;2165.55;-62790;-442460.2;19975.592;39
216;53;DICHLOROMETHANE;84.933;178.1;313;510;6079.5;193;0.277;0.193;1.317;298;1.8;359.55;225.13;95440.8;-68901.56;28004.34;53
217;49;DICHLOROMONOFLUOROMETHANE;102.923;138;282;451.6;5167.575;197;0.272;0.202;1.38;282;1.3;0;0;-298880.4;268322.6;24948.56;49
218;107;DIETHYL AMINE;45.085;181;280;437.6;5309.43;187;0.272;0.288;0.656;293;0;0;0;-18837;68022.5;26497.38;107
219;193;DIETHYL AMINE;73.139;188;340.6;516;4255.65;284;0.28;0;0;0;1.2;0;0;0;0;30976.4;194
220;190;DIETHYL DISULFIDE;90.18;169.2;365.3;557;3961.8075;318;0.272;0.3;0.837;293;1.6;407.59;233.32;-83510.7;17790.5;31771.74;191
221;215;DIETHYL KETONE;86.134;234.2;375.1;561;3738.8925;336;0.269;0.347;0.814;293;2.7;409.17;236.65;-258778.52;-135333.38;33739.16;215
222;189;DIETHYL SULFIDE;106.122;265;519;681;607.95;316;0.26;0;1.116;293;0;1943;385.24;-571389;0;57222.62;190
223;188;DIETHYLENE GLYCOL;90.123;202;358.6;536;3870.615;271;0.235;0.371;0.867;293;0;0;0;0;0;31436.86;189
224;434;DIHEXYL ETHER;186.339;230;499.6;657;1823.85;720;0.24;0.7;0.794;293;0;723.43;323.35;0;0;45627.4;434
225;278;DIISOPROPYL ETHER;102.177;187.7;341.5;500;2877.63;386;0.267;0.34;0.724;293;1.2;410.58;219.67;-318973.2;-121938.18;29343.86;278
226;101;DIMETHYL ETHER;46.069;131.7;248.3;400;5370.225;178;0.287;0.192;0.667;293;1.3;0;0;-184142.14;-112980.14;21516.04;101
227;155;DIMETHYL OXALATE;102.089;199;412;569;4681.215;290;0.287;0;1.087;293;3;502.33;286.04;-575993.6;-476910.98;41232.1;156
228;105;DIMETHYL SULFIDE;62.13;174.9;310.5;503;5532.345;201;0.266;0.19;0.848;293;1.5;267.34;184.24;-37548.42;6948.76;26957.84;105
229;429;DIPHENYL;154.212;342.4;528.4;789;3850.35;502;0.295;0.364;0.99;347;0;733.87;369.58;182174.72;280210.84;45627.4;429
230;430;DIPHENYL ETHER;170.211;300;531.2;766;3141.075;0;0;0.44;1.066;303;1.1;1146;379.29;49980.84;0;47134.36;430
231;437;DIPHENYLMETHANE;168.239;30537.5;767;29.4;0;0;0;0.471;1.006;293;0.4;0;0;0;0;0;437
232;279;DIPROPYLAMINE;101.193;210;382.4;550;3141.075;407;0.28;0.455;0.738;293;1;561.11;257.39;0;0;37004.24;279
233;435;DODECANOL;186.339;297.1;533.1;679;1925.175;718;0.24;0;0.835;293;1.6;-4;1.86;-33488;5934910.8;0;435
234;100;ETHANE;30.07;89.9;184.5;305.4;4883.865;148;0.285;0.098;0.548;183;0;156.6;95.57;-84724.64;-32943.82;14713.79;100
235;102;ETHANOL;46.069;159.1;351.5;516.2;6383.475;167;0.248;0.635;0.789;293;1.7;686.64;300.88;-234918.32;-168360.92;38762.36;102
236;171;ETHYL ACETATE;88.107;285;374.5;587;5208.105;238;0.254;0.288;1.033;293;0.4;660.36;308.77;-315205.8;-180877.06;36376.34;172
237;204;ETHYL ACRYLATE;100.118;201;373;552;3749.025;320;0.261;0.4;0.921;293;0;438.04;256.84;0;0;33278.7;204
238;106;ETHYL AMINE;45.085;192;289.7;456;5623.5375;178;0.264;0.284;0.683;293;1.3;340.54;192.44;-46046;37297.26;28046.2;106
239;377;ETHYL BENZOATE;150.178;238.3;485.9;697;3242.4;451;0.25;0.48;1.046;293;1.9;746.5;338.47;0;0;44790.2;377
240;96;ETHYL BROMIDE;108.966;154.6;311.5;503.8;6231.4875;215;0.32;0.254;1.451;298;2;369.8;220.68;-64045.8;-26329.94;26497.38;96
241;277;ETHYL BUTYL ETHER;102.177;170;365.4;531;3039.75;390;0.27;0.4;0.749;293;1.2;443.32;234.68;0;0;31813.6;277
242;268;ETHYL BUTYRATE;116.16;180;394;566;3141.075;395;0.26;0.47;0.879;293;1.8;489.95;264.22;0;0;34325.2;268
243;97;ETHYL CHLORIDE;64.515;136.8;285.4;460.4;5268.9;199;0.274;0.19;0.896;293;2;320.94;190.83;-111766.2;-60027.24;24697.4;97
244;186;ETHYL ETHER;74.123;298.8;355.6;506.2;3971.94;275;0.259;0.618;0.787;293;1.7;972.1;363.38;-312568.62;-177737.56;39055.38;187
245;98;ETHYL FLUORIDE;48.06;129.9;235.4;375.3;5025.72;169;0.272;0.238;0;0;2;0;0;-261625;-209634.88;0;98
246;127;ETHYL FORMATE;74.08;252.5;414;612;5370.225;230;0.242;0.536;0.993;293;1.5;535.04;299.32;-455353.08;-369498.22;32232.2;128
247;269;ETHYL ISOBUTYRATE;116.16;185;384.2;553;3039.75;410;0.27;0.427;0.869;293;2.1;0;0;0;0;35015.89;269
248;104;ETHYL MERCAPTAN;62.134;125.3;308.2;499;5491.815;207;0.274;0.19;0.839;293;1.5;419.6;206.21;-46129.72;-4688.32;26790.4;104
249;219;ETHYL PROPIONATE;102.134;199.3;273;546;3363.99;345;0.256;0.395;0.895;289;1.8;463.31;248.72;-470087.8;-323661.52;34241.48;219
250;231;ETHYL PROPYL ETHER;88.15;146.4;336.8;500.6;3252.5325;0;0;0.331;0.733;293;1.2;399.87;213.39;0;0;30515.94;231
251;325;ETHYLBENZENE;106.168;178.2;409.3;617.1;3607.17;374;0.263;0.301;0.867;293;0.4;472.82;264.22;29804.32;130645.06;35581;325
252;344;ETHYLCYCLOHEXANE;112.216;161.8;404.9;609;3029.6175;450;0.27;0.243;0.788;293;0;506.43;280.76;-171835.3;39264.68;34325.2;344
253;304;ETHYLCYCLOPENTANE;98.189;134.7;376.6;569.5;3394.3875;375;0.269;0.283;0.771;289;0;433.81;249.72;-127128.82;44580.9;32294.99;304
254;88;ETHYLENE;28.054;104;169.4;282.4;5035.8525;129;0.276;0.085;0.577;163;0;168.98;93.94;52325;68148.08;13550.082;88
255;103;ETHYLENE GLYCOL;62.069;260.2;470.4;645;7700.7;186;0.27;0;1.114;293;2.2;1365;402.41;-38929.8;-304615.22;52534.3;103
256;99;ETHYLENE IMINE;43.069;195;329.8;0;0;0;0;0;0.833;298;1.9;0;0;123487;178072.44;32064.76;99
257;93;ETHYLENE OXIDE;44.054;161;283.5;469;7194.075;140;0.258;0.2;0.899;273;1.9;341.88;194.22;-52659.88;-13102.18;25618.32;93
258;108;ETHYLENEDIAMINE;61.084;283.5;443.5;614;4458.3;196;0.17;0;1.016;293;2.6;1984.1;367.03;-201681.48;0;50232;109
259;11;FLUORINE;37.997;53.5;85;144.3;5218.2375;66.2;0.288;0.048;1.51;85;0;84.2;52.52;0;0;6530.16;11
260;240;FLUOROBENZENE;96.104;234;358.5;560.1;4549.4925;271;0.265;0.245;1.024;293;1.4;452.06;252.89;-116621.96;-69069;0;240
261;54;FORMALDEHYDE;30.026;156;254;408;6586.125;0;0;0.253;0.815;253;2.3;319.83;171.35;-115952.2;-109966.22;23023;54
262;55;FORMIC ACID;46.025;281.5;373.8;580;0;0;0;0;1.226;288;1.5;729.35;325.72;378791.14;-351163.54;21934.64;55
263;145;FURAN;52.076;227.6;278.1;455;4964.925;202;0.26;0.092;0.71;273;0;0;0;304740.8;306122.18;24488.1;146
264;138;GLYCEROL;76.096;246.4;487.6;658;5978.175;241;0.26;0;1.053;293;3.7;1813;406.96;-409014.06;0;56511;139
265;24;HELIUM;4.003;0;4.2;5.2;222.915;57.3;0.301;-0.387;0.123;4.3;0;0;0;0;0;92.092;24
266;454;HEPTADECANOL;256.474;327;597;736;1418.55;0;0;0;0.848;327;0;0;0;-546147.42;-44664.62;60697;454
267;23;HYDRAZINE;32.045;274.7;386.7;653;14692.125;96.1;0.26;0.328;1.008;293;3;524.98;290.88;95231.5;158607.54;44790.2;23
268;19;HYDROGEN;2.016;14;20.4;33.2;1296.96;65;0.305;-0.22;0.071;20;0;13.82;5.39;0;0;904.176;19
269;15;HYDROGEN BROMIDE;80.912;187.1;206.1;363.2;8551.83;100;0.283;0.063;2.16;216;0.8;88.08;166.32;-36250.76;-53287.78;17664.92;15
270;16;HYDROGEN CHLORIDE;36.461;159;188.1;324.6;8308.65;81;0.249;0.12;1.193;188.1;1.1;372.78;277.74;-92343.16;-95315.22;16157.96;16
271;51;HYDROGEN CYANIDE;27.026;259.9;298.9;456.8;5390.49;139;0.197;0.407;0.688;293;3;194.7;145.31;130603.2;120180.06;25229.022;51
272;17;HYDROGEN FLUORIDE;20.006;190;292.7;461;6484.8;69;0.12;0.372;0.967;293;0;438.74;199.62;-271252.8;-273345.8;6697.6;17
273;18;HYDROGEN IODIDE;127.912;222.4;237.6;424;8308.65;131;0.309;0.05;2.803;237;0.5;155.15;285.43;26371.8;1590.68;19774.664;18
274;21;HYDROGEN SULFIDE;34.08;187.6;212.8;373.2;8936.865;98.5;0.284;0.1;0.993;213.6;0.9;342.79;165.54;-20176.52;-33069.4;18669.56;21
275;25;IODINE;253.808;386.8;457.5;819;11652.375;155;0.265;0.299;3.74;453.2;1.3;559.62;520.55;0;0;41860;25
276;241;IODOBENZENE;204.011;241.8;461.4;721;4519.095;351;0.265;0.246;1.855;277;1.4;565.72;331.21;162626.1;187867.68;39515.84;241
277;184;ISOBUTANOL;74.123;158.5;372.7;536;4194.855;268;0.252;0.576;0.807;293;1.7;1441.7;331.5;-292768.84;-167691.16;40813.5;185
278;267;ISOBUTYL ACETATE;116.16;174.3;390;561;3039.75;414;0.27;0.479;0.875;293;1.9;533.99;270.49;-495371.24;0;35865.648;267
279;192;ISOBUTYL AMINE;73.139;224.1;350.6;524;4154.325;288;0.27;0.396;0.739;293;1.3;472.06;246.98;-92092;49227.36;32106.62;193
280;217;ISOBUTYL FORMATE;102.134;178;371.6;551;3880.7475;350;0.296;0.39;0.885;293;1.9;0;0;0;0;34199.62;217
281;401;ISOBUTYLBENZENE;134.222;221.7;445.9;650;3141.075;480;0.28;0.378;0.853;293;0.3;0;0;-21557.9;0;37841.44;401
282;414;ISOBUTYLCYCLOHEXANE;140.27;0;444.5;659;3120.81;0;0;0.319;0.795;293;0;0;0;0;0;0;414
283;165;ISOBUTYRALDEHYDE;72.107;176.8;348;524;4053;278;0.26;0.352;0.802;293;2.6;472.31;233.42;-205114;-114821.98;31520.58;166
284;172;ISOBUTYRIC ACID;88.107;189.6;350.3;523.2;3830.085;286;0.252;0.363;0.901;293;1.9;427.38;235.94;-443129.96;-327554.5;32232.2;173
285;133;ISOPROPYL ALCOHOL;60.096;146.9;370.4;536.7;5167.575;218.5;0.253;0.624;0.804;293;1.7;951.04;327.83;-256518.08;-161872.62;41776.28;134
286;141;ISOPROPYL AMINE;59.112;190;321.8;497;4742.01;233;0.267;0.229;0.717;293;1.3;0;0;-72417.8;39808.86;29720.6;142
287;130;ISOPROPYL CHLORIDE;78.542;150.4;319.6;503;4579.89;254;0.278;0.23;0.891;293;2;374.77;215;-130184.6;-50692.46;27250.86;131
288;379;ISOPROPYLBENZENE;120.195;177.1;425.6;631;3212.0025;428;0.26;0.335;0.862;293;0.4;517.17;276.22;3934.84;137049.64;37548.42;379
289;387;ISOPROPYLCYCLOHEXANE;126.243;183.4;427.7;640;2837.1;0;0;0.237;0.802;293;0;0;0;0;0;0;387
290;351;ISOPROPYLCYCLOPENTANE;112.216;160.5;399.6;601;2938.425;0;0;0.24;0.776;293;0;0;0;0;0;34115.9;351
291;79;KETENE;42.038;138;232;380;6484.8;145;0.3;0.207;0;0;1.4;0;0;-61115.6;-60320.26;20636.98;79
292;26;KRYPTON;83.8;115.8;119.8;209.4;5501.9475;91.2;0.288;-0.002;2.42;120;0;0;0;0;0;9665.474;26
293;143;MALEIC ANHYDRIDE;59.112;156;276.1;433.2;4073.265;254;0.287;0.195;0.633;293;0.6;0;0;-23860.2;98957.04;24111.36;144
294;290;M-CRESOL;108.14;285.4;475.4;705.8;4559.625;310;0.241;0.464;1.034;293;1.8;1785.6;370.75;-132403.18;-40562.34;47427.38;290
295;236;M-DICHLOROBENZENE;147.004;248.4;446;684;3850.35;359;0.24;0.26;1.288;293;1.4;402.2;300.89;26455.52;78613.08;38636.78;236
296;61;METHANE;16.043;90.7;111.7;190.6;4600.155;99;0.288;0.008;0.425;111.7;0;114.14;57.6;-74887.54;-50859.9;8183.63;61
297;62;METHANOL;32.042;175.5;337.8;512.6;8095.8675;118;0.224;0.559;0.791;293;1.7;555.3;260.64;-201262.88;-162584.24;35271.236;62
298;128;METHYL ACETATE;74.08;193.8;327.4;508.4;4742.01;229;0.257;0.283;0.927;289;2;400.91;226.23;-371465.64;0;30139.2;129
299;111;METHYL ACETYLENE;40.065;136.9;238.7;393;5471.55;162;0.271;0.313;0.658;238;0.2;0;0;192221.12;202476.82;18627.7;112
300;158;METHYL ACRYLATE;69.107;161;391;582.2;3789.555;285;0.223;0.371;0.792;293;3.8;438.04;256.84;34074.04;108710.42;34408.92;159
301;64;METHYL AMINE;31.058;179.7;266.8;430;7457.52;140;0.292;0.275;0.703;259.6;1.3;311.8;176.3;-23023;32274.06;25995.06;64
302;321;METHYL BENZOATE;136.151;260.8;472.2;692;3647.7;396;0.25;0.43;1.086;293;1.9;768.94;332.33;-254006.48;0;43115.8;321
303;56;METHYL BROMIDE;94.939;179.5;276.7;464;8612.625;0;0;0.273;1.737;268;1.8;298.15;211.15;-37674;-28171.78;23922.99;56
304;220;METHYL BUTYRATE;102.134;188.4;275.8;554.4;3475.4475;340;0.257;0.382;0.898;293;1.7;479.35;254.66;0;0;34094.97;220
305;57;METHYL CHLORIDE;50.488;175.4;248.9;416.3;6677.3175;139;0.268;0.156;0.915;293;1.9;426.45;193.56;-86357.18;-62915.58;21432.32;57
306;305;METHYL CYCLOHEXANE;98.189;146.6;374.1;572.1;3475.4475;368;0.269;0.233;0.774;289;0;528.41;271.58;-154840.14;27292.72;31143.84;305
307;519;Methyl cyclopentane;84.162;130.7;345;532.7;3789.555;319;0.273;0.239;0.754;289;0;440.52;243.24;-106743;35790.3;29092.7;519
308;134;METHYL ETHYL ETHER;60.096;184.7;355.4;508.3;4762.275;220;0.248;0;0.786;293;1.7;1139.7;323.44;-272550.46;-173467.84;39850.72;135
309;166;METHYL ETHYL KETONE;72.107;208.2;337;513;4154.325;274;0.27;0.35;0.789;293;0;464.06;253.64;-215830.16;-121394;31395;167
310;139;METHYL ETHYL SULFIDE;92.095;291;563;726;6687.45;255;0.28;0;1.261;293;3;3337.1;406;-585202.8;0;61115.6;140
311;58;METHYL FLUORIDE;34.033;131.4;194.8;317.8;5876.85;124;0.275;0.19;0.843;213;1.8;0;0;-233997.4;-210095.34;0;58
312;95;METHYL FORMATE;60.052;174.2;304.9;487.2;5998.44;172;0.255;0.252;0.974;293;1.8;363.19;212.7;-349949.6;-297331.58;28213.64;95
313;65;METHYL HYDRAZINE;46.072;0;364;567;8035.0725;271;0.462;0;0;0;1.7;0;0;85394.4;177946.86;0;65
314;59;METHYL IODIDE;141.939;206.7;315.6;528;6586.125;190;0.285;0.172;2.279;293;1.6;336.19;229.95;13981.24;15655.64;27209;59
315;265;METHYL ISOBUTYL KETONE;100.161;189;389.6;571;3272.7975;371;0.26;0.4;0.801;293;2.8;473.65;259.03;-283978.24;0;35581;265
316;221;METHYL ISOBUTYRATE;102.134;185.4;365.4;540.8;3434.9175;339;0.259;0.367;0.891;293;2;451.21;246.09;0;0;33379.164;221
317;87;METHYL ISOCYANATE;57.052;0;312;491;5572.875;0;0;0.278;0.958;293;0;0;616.78;-89999;0;29595.02;87
318;214;METHYL ISOPROPYL KETONE;86.134;181;367.4;553.4;3850.35;310;0.259;0.349;0.803;293;2.8;0;0;0;0;30641.52;214
319;63;METHYL MERCAPTAN;48.107;150;279.1;470;7234.605;145;0.268;0.155;0.866;293;1.3;0;0;-22981.14;-9920.82;24571.82;63
320;213;METHYL N-PROPYL KETONE;86.134;196;375.5;564;3890.88;301;0.25;0.348;0.806;293;2.5;437.94;243.03;-258778.52;-137133.36;33488;213
321;287;METHYL PHENYL ETHER;108.14;235.7;426.8;641;4174.59;0;0;0;0.996;293;1.2;388.84;325.85;0;0;0;287
322;320;METHYL PHENYL KETONE;120.151;292.8;474.9;701;3850.35;376;0.25;0.42;1.032;288;3;1316.4;310.82;-86901.36;1841.84;0;320
323;173;METHYL PROPIONATE;88.107;227.2;427.9;609;4053;292;0.23;0.61;0.968;293;1.3;583.65;311.24;-484152.76;0;41148.38;174
324;135;METHYLAL;60.096;134;280.5;437.8;4397.505;221;0.267;0.236;0.7;293;1.2;303.82;171.66;-216541.78;-117710.32;24697.4;136
325;327;M-ETHYLPHENOL;122.167;269;491.6;716.4;0;0;0;0;1.025;273;0;0;0;-146551.86;0;50818.04;327
326;296;METHYLPHENYLAMINE;107.156;216;469.1;701;5197.9725;0;0;0;0.989;293;1.7;915.12;332.74;85394.4;199295.46;0;296
327;107;MONOETHANOLAMINE;73.139;223.4;328.6;496.6;3708.495;301;0.27;0.299;0.707;293;1.1;473.89;229.29;-72417.8;72124.78;27836.9;108
328;179;MORPHOLINE;71.123;0;359.7;568.6;5613.405;249;0.296;0;0.852;295;1.6;0;0;-3599.96;114738.26;0;180
329;457;M-TERPHENYL;230.31;360;638;924.8;3505.845;784;0.358;0;0;0;0;940.58;460.94;0;0;0;457
330;298;M-TOLUIDINE;107.156;242.8;476.5;709;4154.325;343;0.24;0.406;0.989;293;1.5;928.12;354.07;0;0;45627.4;298
331;323;M-XYLENE;106.168;225.3;412.3;617;3546.375;376;0.26;0.331;0.864;293;0.3;453.42;257.18;17246.32;118924.26;36376.34;323
332;336;N,N-DIMETHYLANILINE;121.183;275.6;466.7;687;3627.435;0;0;0;0.956;293;1.6;553.02;320.03;84138.6;231318.36;0;336
333;398;NAPHTHALENE;128.174;353.5;491.1;748.4;4053;410;0.267;0.302;0.971;363;0;873.32;352.57;151030.88;223699.84;43283.24;398
334;180;N-BUTANE;87.122;268.4;401.4;618;5471.55;253;0.27;0.37;1;293;1.5;914.14;332.75;0;0;37674;181
335;181;N-BUTANOL;58.124;134.8;272.7;425.2;3799.6875;255;0.274;0.193;0.579;293;0;265.84;160.2;-126207.9;-17162.6;22403.472;183
336;489;n-Butyl acetate;116.161;189;389.6;571;3272.7975;371;0.26;0.4;0.801;293;2.8;537.58;272.3;-486664.36;0;35999.6;489
337;191;N-BUTYL AMINE;122.244;171.7;427.2;642;0;0;0;0;0.998;293;2;0;0;-74678.24;22269.52;37715.86;192
338;409;N-BUTYLANILINE;149.236;259;513.9;721;2837.1;518;0.25;0;0.932;293;0;1111.1;341.28;0;0;48934.34;409
339;400;N-BUTYLBENZENE;134.222;185.2;456.4;660.5;2887.7625;497;0.261;0.392;0.86;293;0.4;563.84;296.01;-13813.8;144751.88;39264.68;400
340;413;N-BUTYLCYCLOHEXANE;140.27;198.4;454.1;667;3151.2075;0;0;0.362;0.799;293;0;598.3;311.39;-213276.7;56469.14;38511.2;413
341;163;N-BUTYRALDEHYDE;56.108;182.4;285.7;459.9;4985.19;210;0.274;0.209;0.694;293;0;0;0;26664.82;110091.8;24195.08;165
342;169;N-BUTYRIC ACID;72.107;157.9;308.8;475;4073.265;260;0.27;0;0.793;293;1.3;349.95;189.02;-140231;0;26497.38;170
343;418;N-DECANE;142.286;243.5;447.3;617.6;2107.56;603;0.247;0.49;0.73;293;0;558.61;288.37;-249778.62;33236.84;39298.168;418
344;446;N-DECYCLCYCLOPENTANE;210.405;0;552.5;723.8;1519.875;0;0;0.654;0;0;0;-4;4.68;-33488;3230503.64;0;446
345;450;N-DECYCYCLOHEXANE;224.432;0;570.8;750;1357.755;0;0;0.583;0;0;0;-4;5.12;-33488;3875566.24;0;450
346;433;N-DODECENE;170.34;263.6;489.5;658.3;1823.85;713;0.24;0.562;0.748;293;0;631.63;318.78;-291010.72;50064.56;43659.98;433
347;453;N-DODECYCLOPENTANE;238.459;0;584.1;750;1296.96;0;0;0.719;0;0;0;853.9;385.53;-336052.08;125998.6;52618.02;453
348;466;N-EICOSANE;282.556;310;617;767;1114.575;0;0;0.907;0.775;313;0;811.29;401.67;-455980.98;117375.44;57515.64;466
349;31;NEON;20.183;24.5;27;44.4;2756.04;41.7;0.311;0;1.204;27;0;0;0;0;0;1841.84;31
350;455;N-HEPTADECANE;240.475;295;575.2;733;1317.225;1000;0.22;0.77;0.778;293;0;757.88;375.9;-394111.9;92133.86;52911.04;455
351;308;N-HEPTANE;100.205;182.6;371.6;540.2;2735.775;432;0.263;0.351;0.684;293;0;436.73;232.53;-187867.68;7995.26;31713.136;308
352;431;N-HEPTYLCYCLOPENTANE;168.324;0;497.3;679;1945.44;0;0;0.515;0;0;0;654.77;333.12;-230230;86650.2;43366.96;431
353;452;N-HEXADECANE;226.448;291;560;717;1418.55;0;0;0.742;0.773;293;0;738.3;366.11;-373516.78;83720;51236.64;452
354;468;N-HEXADECYLCYCLOPENTANE;294.567;0;637;791;972.72;0;0;0.861;0;0;0;977.42;412.29;-415795.38;162374.94;59357.48;468
355;271;N-HEXANE;86.178;177.8;341.9;507.4;2968.8225;370;0.26;0.296;0.659;293;0;362.79;207.09;-167272.56;-251.16;28866.656;271
356;426;N-HEXYLCYCLOPENTANE;154.297;0;476.3;660.1;2137.9575;0;0;0.476;0;0;0;617.57;318.65;-209593.02;78236.34;41190.24;426
357;27;NITRIC OXIDE;30.006;109.5;121.4;180;6484.8;58;0.25;0.607;1.28;121;0.2;0;0;90417.6;86733.92;13813.8;27
358;29;NITROGEN;28.013;63.3;77.4;126.2;3394.3875;89.5;0.29;0.04;0.804;78.1;0;90.3;46.41;0;0;5579.938;29
359;28;NITROGEN DIOXIDE;46.006;261.9;294.3;431.4;10132.5;170;0.48;0.86;1.447;292.9;0.4;406.2;230.21;33864.74;51990.12;19067.23;28
360;12;NITROGEN TRIFLUORIDE;71.002;66.4;144.1;234;4529.2275;0;0;0.132;1.537;144;0.2;0;0;-124659.08;-127170.68;0;12
361;60;NITROMETHANE;61.041;244.6;374.4;588;6312.5475;173;0.224;0.346;1.138;293;3.1;452.5;261.21;-74761.96;-6948.76;34429.85;60
362;5;NITROSYL CHLORIDE;65.459;213.5;2667.7;440;9119.25;139;0.35;0.318;1.42;261;1.8;0;0;52618.02;66976;25702.04;5
363;30;NITROUS OXIDE;44.013;182.3;184.7;309.6;7244.7375;97.4;0.274;0.16;1.226;183.6;0.2;0;0;81585.14;103687.22;16555.63;30
364;464;N-NONADECANE;268.529;305;603.1;756;1114.575;0;0;0.827;0.789;305;0;793.62;393.54;-435344;108961.58;56050.54;464
365;389;N-NONANE;128.259;219.7;424;594.6;2310.21;548;0.26;0.444;0.718;293;0;525.56;272.12;-229141.64;24822.98;36933.078;389
366;443;N-NONYCLYCLOPENTANE;196.378;0;535.3;710.5;1651.5975;0;0;0.61;0;0;0;-4;4.37;-33488;3077505.34;0;443
367;461;N-OCTADECANE;254.502;301.3;589.5;745;1205.7675;0;0;0.79;0.777;301;0;777.4;385;-414748.88;100547.72;54501.72;461
368;354;N-OCTANE;114.232;216.4;398.8;568.8;2482.4625;492;0.259;0.394;0.703;293;0;473.7;251.71;-208546.52;16409.12;34429.85;354
369;438;N-OCTYLCYCLOPENTANE;182.351;0;516.9;694;1793.4525;0;0;0.564;0;0;0;-4;4.08;-33488;2912744.38;0;438
370;557;None;0.01;0.01;0.01;0.01;0.01;0.01;0.01;0.01;0.01;0.01;0.01;0.01;0.01;0.01;0.01;0.01;557
371;448;N-PENTADECANE;212.421;283;543.8;707;1519.875;880;0.23;0.706;0.769;293;0;-4;4.11;-33488;3007682.86;-50213.5816;448
372;465;N-PENTADECYLCYCLOPENTANE;280.54;0;625;780;1023.3825;0;0;0.833;0;0;0;950.57;406.33;-395200.26;153961.08;57683.08;465
373;223;N-PENTANE;72.151;143.4;309.2;469.6;3374.1225;304;0.262;0.251;0.626;293;0;313.66;182.45;-146510;-8372;257.8576;223
374;218;N-PROPYL ACETATE;102.134;178;374.8;549.4;3333.5925;345;0.252;0.392;0.887;293;1.8;489.53;255.83;-465943.66;0;34199.62;218
375;140;N-PROPYL AMINE;76.157;167.2;339.8;533;4255.65;0;0;0;0.837;293;0;0;0;-59650.5;11427.78;29511.3;141
376;174;N-PROPYL FORMATE;88.107;185.7;353;530.6;4002.3375;282;0.256;0.352;0.915;293;1.7;442.88;238.39;0;0;32567.08;175
377;270;N-PROPYL PROPIONATE;116.161;197.3;395.7;578;0;0;0;0;0.881;293;1.8;0;0;0;0;36376.34;270
378;378;N-PROPYLBENZENE;120.195;173.7;432.4;638.3;3201.87;440;0.265;0.344;0.862;293;0.4;527.45;282.65;7827.82;137300.8;38260.04;378
379;386;N-PROPYLCYCLOHEXANE;126.243;178.7;429.9;639;2806.7025;0;0;0.258;0.793;293;0;549.08;293.93;-193393.2;47343.66;36083.32;386
380;350;N-PROPYLCYCLOPENTANE;112.216;155.8;404.1;603;2999.22;425;0.25;0.335;0.781;289;0;454.23;264.22;-148142.54;52618.02;34124.272;350
381;445;N-TETRADECANE;198.394;279;526.7;694;1621.2;830;0.23;0.679;0.763;293;0;-4;3.82;-33488;2887712.1;-47397.6594;445
382;463;N-TETRADECYCLOPENT;266.513;0;599;772;1124.7075;0;0;0.789;0;0;0;924.6;399.62;-374563.28;145547.22;56008.68;463
383;440;N-TRIDECANE;184.367;267.8;508.6;675.8;1722.525;780;0.24;0.623;0.756;293;0;-4;3.56;-33488;2779922.6;0;440
384;460;N-TRIDECYLCYCLOPENTANE;252.486;0;598.6;761;1205.7675;0;0;0.755;0;0;0;891.8;392.78;-353926.3;137049.64;54334.28;460
385;428;N-UNDECENE;156.313;247.6;469.1;638.8;1965.705;660;0.24;0.535;0.74;293;0;605.5;305.01;-270415.6;41608.84;41525.12;428
386;216;N-VALERIC ACID;102.134;239;458.7;651;3850.35;340;0.24;0.616;0.939;293;0;729.09;341.13;-490599.2;-357358.82;49813.4;216
387;289;O-CRESOL;108.14;304.1;464.2;697.6;5005.455;282;0.24;0.443;1.028;313;1.6;1533.4;365.61;-128677.64;-37087.96;45208.8;289
388;235;O-DICHLOROBENZENE;147.004;256.1;453.6;697.3;4103.6625;360;0.225;0.272;1.306;293;2.3;554.35;319.07;29971.76;82715.36;39683.28;235
389;326;O-ETHYLPHENOL;122.167;269.8;477.7;703;0;0;0;0;1.037;273;0;0;0;-145756.52;0;48097.14;326
390;456;O-TERPHENYL;230.31;330;605;891;3901.0125;769;0.405;0;0;0;0;1094.1;461.27;0;0;0;456
391;297;O-TOLUIDINE;107.156;258.4;473.3;694;3749.025;343;0.26;0.435;0.998;293;1.6;1085.1;356.46;0;0;45355.31;297
392;32;OXYGEN;31.999;54.4;90.2;154.6;5045.985;73.4;0.288;0.021;1.149;90;0;85.68;51.5;0;0;6823.18;32
393;322;O-XYLENE;106.168;248;417.6;630.2;3728.76;369;0.263;0.314;0.88;293;0.5;513.54;277.98;19004.44;122147.48;36836.8;322
394;34;OZONE;47.998;80.5;161.3;261;5572.875;88.9;0.288;0.215;1.356;161.3;0.6;313.79;120.34;142742.6;162877.26;11176.62;34
395;291;P-CRESOL;108.14;307.9;475.1;704.6;5147.31;0;0;0.515;1.019;313;1.6;1826.9;372.68;-125454.42;-30892.68;47469.24;291
396;237;P-DICLOROBENZENE;147.004;326.3;447.3;685;3951.675;372;0.26;0.27;1.248;328;0;483.82;312.03;23023;77189.84;38804.22;237
397;232;PERFLUOROBENZENE;186.056;0;353.4;516.7;3303.195;0;0;0.4;0;0;0;0;0;-957087.04;-879813.48;0;232
398;233;PERFLUOROCYCLOHEXANE;300.047;0;325.7;457.2;2431.8;0;0;0;0;0;0;0;0;0;0;0;233
399;72;PERFLUOROETHANE;100.016;130.7;197.5;306.4;3941.5425;175;0.271;0.226;1.519;197;0;0;0;-658876.4;-624007.02;0;72
400;72;PERFLUOROETHANE;138.012;172.4;194.9;292.8;0;224;0;0;1.59;195;0;0;0;-1343706;-1257976.72;16157.96;73
401;281;PERFLUOROMETHYLCYCLOHEXANE;350.055;0;349.5;486.8;2330.475;0;0;0.482;0;0;0;0;0;-2897549.2;0;0;281
402;282;PERFLUORO-N-HEPTANE;388.051;195;355.7;474.8;1621.2;664;0.273;0.56;1.733;293;0;0;0;-3386055.4;-3088723.82;0;282
403;234;PERFLUORO-N-HEXANE;338.044;186;330.3;451.7;1904.91;442;0.224;0.73;0;0;0;0;0;0;0;0;234
404;328;P-ETHYLPHENOL;122.167;318;491;716.4;0;0;0;0;0;0;0;0;0;-144626.3;0;50650.6;328
405;442;PHENANTHRENE;178.234;373.7;612.6;878;0;0;0;0;0;0;0;-4;3.84;-33488;0;0;442
406;329;PHENETOLE;122.167;243;443;647;3424.785;0;0;0;0.979;277;1.2;646.88;305.91;0;0;0;329
407;243;PHENOL;94.113;314;455;694.2;6130.1625;229;0.24;0.44;1.059;313;1.6;1405.5;370.07;-96403.58;32901.96;45627.4;243
408;40;PHOSGENE;98.916;145;280.8;455;5674.2;190;0.28;0.204;1.381;293;1.1;0;0;-221020.8;-206872.12;24404.38;40
409;7;PHOSPHORUS TRICHLORIDE;137.333;161;349;563;0;260;0;0;1.574;294;0.9;0;0;0;0;0;7
410;318;PHTHALIC ANHYDRIDE;148.118;404;560;810;4762.275;368;0.26;0;0;0;5.3;0;0;-371716.8;0;49604.1;318
411;222;PIPERIDINE;85.15;262.7;379.7;594;4762.275;289;0.28;0.25;0.862;293;1.2;772.79;313.49;49018.06;0;34241.48;222
412;110;PROPADIENE;53.064;189.5;350.5;536;4559.625;210;0.21;0.35;0.806;293;3.5;343.31;210.42;185021.2;195402.48;32650.8;111
413;131;PROPANE;78.542;156;308.9;485;4721.745;230;0.269;0.232;0.862;293;2.1;306.25;212.24;-146510;-62538.84;26288.08;132
414;123;PROPIONALDEHYDE;58.08;144;370;545;5714.73;203;0.256;0.63;0.855;288;0;793.52;307.26;-132068.3;-71287.58;39976.3;124
415;126;PROPIONIC ACID;58.08;151.5;278;436;4762.275;205;0.27;0.34;0.75;293;0;318.41;180.98;0;0;19046.3;127
416;117;PROPIONITRILE;147.432;258.5;429;651;3951.675;348;0.25;0.31;1.389;293;0;818.63;342.88;-185858.4;-97826.82;38427.48;118
417;129;PROPYL CHLORIDE;74.08;175;330.1;506.8;4691.3475;228;0.254;0.324;0.934;293;1.7;408.62;224.03;-409641.96;0;30139.2;130
418;119;PROPYLENE;42.081;145.7;240.4;397.8;5491.815;170;0.282;0.264;0.563;288;0;0;0;53329.64;104440.7;20050.94;120
419;124;PROPYLENE OXIDE;58.08;193;321;496;4762.275;223;0.26;0.313;0.797;293;2.7;343.44;219.33;-192137.4;-130519.48;28297.36;125
420;458;P-TERPHENYL;230.31;485;649;926;3323.46;779;0.336;0;0;0;0.7;911.01;461.1;0;0;0;458
421;299;P-TOLUIDINE;107.156;316.9;473.8;667;0;0;0;0;0.964;323;1.6;738.9;356.02;0;0;44790.2;299
422;324;P-XYLENE;106.168;286.4;411.5;616.2;3515.9775;379;0.26;0.324;0.861;293;0.1;475.16;261.4;17957.94;121184.7;35999.6;324
423;195;PYRIDINE;79.102;231.5;388.5;620;5633.67;254;0.277;0.24;0.983;293;2.3;618.5;291.58;140231;190295.56;35162.4;195
424;148;PYRROLE;67.091;186.7;392;585;3951.675;265;0.22;0.39;0.835;293;3.4;521.3;252.03;0;0;34325.2;149
425;178;PYRROLIDINE;92.569;247.8;324;507;3951.675;295;0.28;0.19;0.842;293;2.1;543.41;253.35;-183346.8;-64129.52;27418.3;179
426;402;SEC-BUTYLBENZENE;134.222;197.7;446.5;664;2948.5575;0;0;0.274;0.862;293;0.4;582.66;295.82;-17455.62;0;37967.02;402
427;415;SEC-BUTYLCYCLOHEXANE;140.27;0;452.5;669;2674.98;0;0;0.264;0.813;293;0;0;0;0;0;0;415
428;8;SILICON TETRACHLORIDE;169.898;204.3;330.4;507;3749.025;326;0.29;0.264;1.48;293;0;0;0;0;0;27543.88;8
429;13;SILICON TETRAFLUORIDE;104.08;183;187;259;3718.6275;0;0;0;1.66;178;0;0;0;0;0;0;13
430;319;STYRENE;104.152;242.5;418.3;647;3992.205;0;0;0.257;0.906;293;0.1;528.64;276.71;147430.92;213904.6;36836.8;319
431;156;SUCCINIC ACID;118.09;327;436.6;628;3982.0725;0;0;0;1.15;288;0;0;0;0;0;0;157
432;33;SULFUR DIOXIDE;64.063;197.7;263;430.8;7883.085;122;0.268;0.251;1.455;263;1.6;397.85;208.42;-296996.7;-300303.64;24927.63;33
433;14;SULFUR HEXAFLUORIDE;146.05;222.5;209.3;318.7;3759.1575;198;0.281;0.286;1.83;223;0;251.29;180.75;-1221474.8;-1117662;0;14
434;35;SULFUR TRIOXIDE;80.058;290;318;491;8207.325;130;0.26;0.41;1.78;318;0;1372.8;315.99;-395451.42;-370544.72;40671.176;35
435;185;TERT-BUTANOL;74.123;165.2;381;547.7;4296.18;273;0.257;0.588;0.802;293;1.7;1199.1;343.85;-283350.34;-167398.14;42069.3;186
436;177;TERT-BUTYL CHLORIDE;92.569;141.8;341.4;520.6;3951.675;305;0.28;0.3;0.873;293;2.1;480.77;237.3;-161579.6;-53497.08;29218.28;178
437;403;TERT-BUTYLBENZENE;134.222;215.3;442.3;660;2968.8225;0;0;0.265;0.867;293;0.5;0;0;-22688.12;0;37632.14;403
438;416;TERT-BUTYLCYCLOHEXANE;140.27;232;444.7;659;2664.8475;0;0;0.252;0.813;293;0;0;0;0;0;0;416
439;70;TETRACHLOROETHYLENE;165.834;251;394.3;620;4458.3;290;0.25;0;1.62;293;0;392.58;281.82;-12139.4;22604.4;34743.8;70
440;167;TETRAHYDROFURAN;72.107;186.5;352.8;535.6;4154.325;267;0.249;0.329;0.805;293;3.3;423.84;231.67;-238476.42;-146133.26;31227.56;168
441;146;THIOPHENE;68.075;187.5;304.5;490.2;5501.9475;218;0.294;0.204;0.938;293;0.7;389.4;222.7;-34701.94;879.06;27100.164;147
442;286;TOLUENE;92.141;178;383.8;591.7;4113.795;316;0.264;0.257;0.867;293;0.4;467.33;255.24;50022.7;122063.76;33194.98;286
443;339;TRANS-1,2-DIMETHYLCYCLOHEXANE;112.216;185;396.6;596;2968.8225;0;0;0.242;0.776;293;0;0;0;-180081.72;34492.64;32901.96;339
444;303;TRANS-1,2-DIMETHYLCYCLOPENTANE;98.189;155.6;365;553.2;3445.05;362;0.27;0.269;0.756;289;0;0;0;-136756.62;38385.62;30871.75;303
445;341;TRANS-1,3-DIMETHYLCYCLOHEXANE;112.216;183;397.6;598;2968.8225;0;0;0.189;0.785;293;0;0;0;-176649.2;36334.48;33864.74;341
446;343;TRANS-1,4-DIMETHYLCYCLOHEXANE;112.216;236.2;392.5;590;2968.8225;0;0;0.242;0.763;293;0;0;0;-184686.32;31729.88;32608.94;343
447;161;TRANS-2-BUTENE;56.108;134.3;276.9;435.6;4204.9875;234;0.272;0.202;0.621;293;0.3;268.94;155.34;-6990.62;65887.64;23357.88;162
448;253;TRANS-2-HEXENE;84.162;140;341;516;3272.7975;351;0.27;0.242;0.678;293;0;344.33;197.95;-53915.68;76478.22;28925.26;253
449;353;TRANS-2-OCTENE;112.216;185.4;398.1;580;2766.1725;0;0;0.35;0.72;293;0;427.64;240.32;-94561.74;92719.9;34325.2;353
450;208;TRANS-2-PENTENE;70.135;132.9;309.5;475;3657.8325;300;0.28;0.237;0.649;293;0;349.33;176.62;-31771.74;69948.06;26078.78;208
451;255;TRANS-3-HEXENE;84.162;159.7;340.3;519.9;3252.5325;350;0.26;0.227;0.677;293;0;344.33;197.95;-54459.86;77650.3;28967.12;255
452;411;TRANS-DECALIN;138.254;242.8;460.4;690;3141.075;0;0;0.27;0.87;293;0;702.27;339.66;-182384.02;73464.3;38511.2;411
453;436;TRIBUTYLAMINE;185.355;0;486.6;643;1823.85;0;0;0;0.779;293;0.8;-4;3.46;-33488;3721605.16;0;436
454;75;TRICHLOROETHYLENE;131.389;186.8;360.4;571;4914.2625;256;0.265;0.213;1.462;293;0.9;145.6;196.6;-5860.4;19883.5;31395;75
455;41;TRICHLOROFLUOROMETHANE;37.368;162;297;471.2;4407.6375;248;0.279;0.188;0;0;0.5;0;0;-284648;-245467.04;24781.12;41
456;280;TRIETHYLAMINE;101.193;158.4;362.7;535;3039.75;390;0.27;0.329;0.728;293;0.9;355.52;214.48;-99626.8;110342.96;31395;280
457;76;TRIFLUOROACETIC ACID;114.024;257.9;345.6;491.3;3262.665;0;0;0;1.535;273;2.3;0;0;0;0;0;76
458;37;TRIFLUOROBROMOMETHANE;148.91;0;214;340.2;3971.94;200;0.28;0;0;0;0.7;0;0;-649248.6;-622876.8;0;37
459;142;TRIMETHYL AMINE;59.112;177.9;305.6;476;5066.25;229;0.29;0.297;0.688;293;0;433.64;228.46;-83803.72;0;27209;143
460;212;VALERALDEHYDE;86.134;182;376;554;3546.375;333;0.26;0.4;0.81;293;2.6;521.3;252.03;-227927.7;-108333.68;33655.44;212
461;153;VINYL ACETATE;54.092;164.3;268.7;425;4326.5775;221;0.27;0.195;0.621;293;0;300.59;163.12;110217.38;150737.86;22478.82;154
462;80;VINYL CHLORIDE;62.499;119.4;259.8;429.7;5603.2725;169;0.265;0.122;0.969;259;1.5;276.9;167.04;35162.4;51529.66;22273.706;80
463;168;VINYL ETHYL ETHER;72.107;164.7;339.1;540.2;5187.84;224;0.259;0;0.889;293;1.7;419.79;244.46;-184309.58;0;29595.02;169
464;84;VINYL FLUORIDE;46.044;130;235.5;327.8;5238.5025;144;0.277;0;0;0;1.4;0;0;0;0;0;84
465;114;VINYL FORMATE;72.064;285;414;615;5674.2;210;0.23;0.56;1.051;293;0;733.02;307.15;-336386.96;-286196.82;46046;115
466;125;VINYL METHYL ETHER;58.08;161;307.5;482.2;4924.395;186;0.228;0.269;0.829;293;2;377.43;213.36;-92803.62;-25785.76;26999.7;126
467;144;VINYLACETYLENE;98.058;326;472.8;0;0;0;0;0;1.31;333;4;952.48;365.81;0;0;0;145
468;20;WATER;18.015;273.2;373.2;647.3;22048.32;56;0.229;0.344;0.998;293;1.8;658.25;283.16;-241950.8;-228723.04;40675.362;20
469;36;XENON;131.3;161.3;165;289.7;5836.32;118;0.286;0.002;3.06;165;0;0;0;0;0;13010.088;36
